{
    "loss": 10.45314884185791,
    "accuracy": 0.4313725531101227
}