{
    "loss": 14.062862396240234,
    "accuracy": 0.4313725531101227
}