{
    "loss": 0.05194295197725296,
    "accuracy": 0.9803921580314636,
    "precision": 0.9810457516339869,
    "recall": 0.9803921568627451,
    "f1_score": 0.9803303268489106,
    "confusion_matrix": [
        [
            58,
            0
        ],
        [
            2,
            42
        ]
    ]
}